,0
0,_Tree__dynamic_expected_value
1,__call__
2,__class__
3,__delattr__
4,__dict__
5,__dir__
6,__doc__
7,__eq__
8,__format__
9,__ge__
10,__getattribute__
11,__gt__
12,__hash__
13,__init__
14,__init_subclass__
15,__le__
16,__lt__
17,__module__
18,__ne__
19,__new__
20,__reduce__
21,__reduce_ex__
22,__repr__
23,__setattr__
24,__sizeof__
25,__str__
26,__subclasshook__
27,__weakref__
28,_compute_main_effects
29,_get_shap_interactions_output
30,_get_shap_output
31,_instantiated_load
32,_validate_inputs
33,assert_additivity
34,data
35,data_missing
36,expected_value
37,explain_row
38,feature_names
39,feature_perturbation
40,link
41,load
42,masker
43,model
44,model_output
45,output_names
46,save
47,shap_interaction_values
48,shap_values
49,supports_model_with_masker
